Date,S&P 500,Interest Rate,VIX,OVX,USO,DXY,Crude Oil
01/01/21,,0.09,,,,89.94,
02/01/21,,0.09,,,,,
03/01/21,,0.09,,,,,
04/01/21,3700.65,0.09,26.97,42.12,32.38,89.87,47.47
05/01/21,3726.86,0.09,25.34,40.39,33.94,89.44,49.78
06/01/21,3748.14,0.09,25.07,39.31,34.11,89.53,50.45
07/01/21,3803.79,0.09,22.37,36.06,34.53,89.83,50.63
08/01/21,3824.68,0.09,21.56,36.65,35.43,90.1,52.14
09/01/21,,0.09,,,,,
10/01/21,,0.09,,,,,
11/01/21,3799.61,0.09,24.08,35.31,35.26,90.46,52.15
12/01/21,3801.19,0.09,23.33,33.85,35.9,90.09,53.08
13/01/21,3809.84,0.09,22.21,36.79,35.8,90.36,52.81
14/01/21,3795.54,0.09,23.25,37.95,36.24,90.24,53.47
15/01/21,3768.25,0.09,24.34,40.39,35.34,90.77,52.25
16/01/21,,0.09,,,,,
17/01/21,,0.09,,,,,
18/01/21,,0.09,.,,,90.76,0
19/01/21,3798.91,0.09,23.24,35.37,35.75,90.5,52.87
20/01/21,3851.85,0.09,21.58,35.67,35.79,90.47,53.16
21/01/21,3853.07,0.09,21.32,35.05,35.76,90.13,53
22/01/21,3841.47,0.09,21.91,36.25,35.23,90.24,52.28
23/01/21,,0.09,,,,,
24/01/21,,0.09,,,,,
25/01/21,3855.36,0.09,23.19,38.02,35.59,90.39,52.78
26/01/21,3849.62,0.09,23.02,37.13,35.45,90.17,52.61
27/01/21,3750.77,0.09,37.21,40.21,35.5,90.65,52.81
28/01/21,3787.38,0.09,30.21,40.45,35.25,90.46,52.26
29/01/21,3714.24,0.09,33.09,40.2,35.18,90.58,52.16
30/01/21,,0.09,,,,,
31/01/21,,0.09,,,,,
01/02/21,3773.86,0.08,30.24,39.16,36.12,90.98,53.55
02/02/21,3826.31,0.08,25.56,38.62,36.82,91.2,54.77
03/02/21,3830.17,0.08,22.91,37.11,37.44,91.17,55.67
04/02/21,3871.74,0.08,21.77,35.37,37.81,91.53,56.19
05/02/21,3886.83,0.08,20.87,34.94,38.19,91.04,56.8
06/02/21,,0.08,,,,,
07/02/21,,0.08,,,,,
08/02/21,3915.59,0.08,21.24,34.48,38.94,90.93,57.95
09/02/21,3911.23,0.08,21.63,33.54,39.17,90.44,58.34
10/02/21,3909.88,0.08,21.99,33.77,39.28,90.37,58.69
11/02/21,3916.38,0.08,21.25,34.33,38.97,90.42,58.22
12/02/21,3934.83,0.08,19.97,34.25,39.94,90.48,59.5
13/02/21,,0.08,,,,,
14/02/21,,0.08,,,,,
15/02/21,,0.08,.,,,90.48,0
16/02/21,3932.59,0.08,21.46,35.13,40.45,90.51,60.07
17/02/21,3931.33,0.08,21.5,36.9,40.89,90.95,61.09
18/02/21,3913.97,0.08,22.49,37.9,40.27,90.59,60.4
19/02/21,3906.71,0.08,22.05,37.76,39.68,90.36,59.12
20/02/21,,0.08,,,,,
21/02/21,,0.08,,,,,
22/02/21,3876.5,0.08,23.45,38.57,41.28,90.01,61.67
23/02/21,3881.37,0.08,23.11,39.75,41.62,90.17,61.66
24/02/21,3925.43,0.08,21.34,39.58,42.5,90.18,63.21
25/02/21,3829.34,0.08,28.89,40.58,42.46,90.13,63.43
26/02/21,3811.15,0.08,27.95,42.49,41.31,90.88,61.55
27/02/21,,0.08,,,,,
28/02/21,,0.08,,,,,
01/03/21,3901.82,0.07,23.35,42.56,40.6,91.04,60.54
02/03/21,3870.29,0.07,24.1,40.96,40.07,90.79,59.7
03/03/21,3819.72,0.07,26.67,39.83,41.14,90.95,61.33
04/03/21,3768.47,0.07,28.57,37.27,43.07,91.63,63.81
05/03/21,3841.94,0.07,24.66,36.61,44.44,91.98,66.08
06/03/21,,0.07,,,,,
07/03/21,,0.07,,,,,
08/03/21,3821.35,0.07,25.47,38.89,43.5,92.31,65.03
09/03/21,3875.44,0.07,24.03,37.97,43.11,91.96,64.02
10/03/21,3898.81,0.07,22.56,37.56,43.74,91.82,64.45
11/03/21,3939.34,0.07,21.91,37.86,44.6,91.42,66.02
12/03/21,3943.34,0.07,20.69,37.51,44.35,91.68,65.59
13/03/21,,0.07,,,,,
14/03/21,,0.07,,,,,
15/03/21,3968.94,0.07,20.03,39.38,44.26,91.83,65.36
16/03/21,3962.71,0.07,19.79,39.1,43.83,91.86,64.82
17/03/21,3974.12,0.07,19.23,37.4,43.82,91.44,64.55
18/03/21,3915.46,0.07,21.58,48.44,40.47,91.86,59.95
19/03/21,3913.1,0.07,20.95,44.38,41.77,91.92,61.43
20/03/21,,0.07,,,,,
21/03/21,,0.07,,,,,
22/03/21,3940.59,0.07,18.88,40.28,41.71,91.74,61.48
23/03/21,3910.52,0.07,20.3,48.62,39.37,92.34,57.75
24/03/21,3889.14,0.07,21.2,64.91,41.45,92.53,61.12
25/03/21,3909.52,0.07,19.81,49.88,39.89,92.53,58.47
26/03/21,3974.54,0.07,18.86,44.93,41.53,92.77,60.93
27/03/21,,0.07,,,,,
28/03/21,,0.07,,,,,
29/03/21,3971.09,0.07,20.74,44.16,41.92,92.94,61.49
30/03/21,3958.55,0.07,19.61,41.46,41.17,93.3,60.55
31/03/21,3972.89,0.07,19.4,45.65,40.53,93.23,59.19
01/04/21,4019.87,0.07,17.33,40.15,41.84,92.93,61.41
02/04/21,,0.07,.,40.15,,93.02,
03/04/21,,0.07,,,,,
04/04/21,,0.07,,,,,
05/04/21,4077.91,0.07,17.91,42,40.28,92.6,58.73
06/04/21,4073.94,0.07,18.12,42.41,40.7,92.33,59.34
07/04/21,4079.95,0.07,17.16,41.27,40.86,92.46,59.77
08/04/21,4097.17,0.07,16.95,40.7,40.82,92.06,59.61
09/04/21,4128.8,0.07,16.69,39.19,40.64,92.16,59.29
10/04/21,,0.07,,,,,
11/04/21,,0.07,,,,,
12/04/21,4127.99,0.07,16.91,37.04,40.9,92.14,59.7
13/04/21,4141.59,0.07,16.65,35.2,41.4,91.85,60.2
14/04/21,4124.66,0.07,16.99,35.7,43.04,91.69,63.15
15/04/21,4170.42,0.07,16.57,34.2,43.27,91.69,63.42
16/04/21,4185.47,0.07,16.25,32.79,43.18,91.56,63.16
17/04/21,,0.07,,,,,
18/04/21,,0.07,,,,,
19/04/21,4163.26,0.07,17.29,35.07,43.32,91.07,63.33
20/04/21,4134.94,0.07,18.68,35.68,42.74,91.24,62.61
21/04/21,4173.42,0.07,17.5,42.44,41.77,91.15,61.34
22/04/21,4134.98,0.07,18.71,39.39,42.09,91.33,61.45
23/04/21,4180.17,0.07,17.33,38.7,42.46,90.86,62.18
24/04/21,,0.07,,,,,
25/04/21,,0.07,,,,,
26/04/21,4187.62,0.07,17.64,41.23,42.33,90.81,62.02
27/04/21,4186.72,0.07,17.56,38.44,43.11,90.91,63.03
28/04/21,4183.18,0.07,17.28,36.42,43.53,90.61,63.81
29/04/21,4211.47,0.07,17.61,36.37,44.26,90.61,65
30/04/21,4181.17,0.07,18.61,38.39,43.27,91.28,63.5
01/05/21,,0.06,,,,,
02/05/21,,0.06,,,,,
03/05/21,4192.66,0.06,18.31,40.15,43.98,90.94,64.46
04/05/21,4164.66,0.06,19.48,37.15,44.87,91.29,65.72
05/05/21,4167.59,0.06,19.15,38.33,44.66,91.31,65.63
06/05/21,4201.62,0.06,18.39,37.74,44.41,90.95,64.73
07/05/21,4232.6,0.06,16.69,37.63,44.43,90.23,64.96
08/05/21,,0.06,,,,,
09/05/21,,0.06,,,,,
10/05/21,4188.43,0.06,19.66,37.99,44.48,90.21,64.92
11/05/21,4152.1,0.06,21.84,37.93,44.87,90.14,65.31
12/05/21,4063.04,0.06,27.59,36.94,45.22,90.71,65.96
13/05/21,4112.5,0.06,23.13,37.94,43.81,90.75,63.82
14/05/21,4173.85,0.06,18.81,36.46,44.71,90.32,65.32
15/05/21,,0.06,,,,,
16/05/21,,0.06,,,,,
17/05/21,4163.29,0.06,19.72,36.42,45.39,90.16,66.24
18/05/21,4127.83,0.06,21.34,37.01,44.84,89.75,65.49
19/05/21,4115.68,0.06,22.18,38.82,43.43,90.19,63.28
20/05/21,4159.12,0.06,20.67,39.43,42.48,89.81,61.95
21/05/21,4155.86,0.06,20.15,39.34,43.7,90.02,63.61
22/05/21,,0.06,,,,,
23/05/21,,0.06,,,,,
24/05/21,4197.05,0.06,18.4,35.54,45.02,89.84,66.13
25/05/21,4188.13,0.06,18.84,36.23,44.92,89.64,66.27
26/05/21,4195.99,0.06,17.36,33.89,45.2,90.04,66.41
27/05/21,4200.88,0.06,16.74,33.63,45.55,89.97,66.87
28/05/21,4204.11,0.06,16.76,33.54,45.42,90.03,66.31
29/05/21,,0.06,,,,,
30/05/21,,0.06,,,,,
31/05/21,,0.06,.,,,90.03,
01/06/21,4202.04,0.08,17.9,33.43,46.33,89.83,67.8
02/06/21,4208.12,0.08,17.48,32.77,46.9,89.91,68.79
03/06/21,4192.85,0.08,18.04,33.89,46.97,90.51,68.81
04/06/21,4229.89,0.08,16.42,31.76,47.26,90.14,69.57
05/06/21,,0.08,,,,,
06/06/21,,0.08,,,,,
07/06/21,4226.52,0.08,16.42,31.7,47.27,89.95,69.21
08/06/21,4227.26,0.08,17.07,31.95,47.88,90.08,70.11
09/06/21,4219.55,0.08,17.89,31.79,47.58,90.12,69.9
10/06/21,4239.18,0.08,16.1,33.03,47.83,90.07,70.34
11/06/21,4247.44,0.08,15.65,32.55,48.07,90.56,71
12/06/21,,0.08,,,,,
13/06/21,,0.08,,,,,
14/06/21,4255.15,0.08,16.39,33.13,48.32,90.52,70.94
15/06/21,4246.59,0.08,17.02,31.56,48.98,90.54,72.06
16/06/21,4223.7,0.08,18.15,33.83,48.75,91.13,72.03
17/06/21,4221.86,0.08,17.75,36.84,48.04,91.89,71.06
18/06/21,4166.45,0.08,20.7,33.95,48.36,92.22,71.64
19/06/21,,0.08,,,,,
20/06/21,,0.08,,,,,
21/06/21,4224.79,0.08,17.89,35.01,49.36,91.9,73.64
22/06/21,4246.44,0.08,16.66,34.28,49.42,91.76,73.15
23/06/21,4241.84,0.08,16.32,34.68,49.72,91.8,73.11
24/06/21,4266.49,0.08,15.97,32.05,49.84,91.81,73.31
25/06/21,4280.7,0.08,15.62,31.3,50.25,91.85,74.21
26/06/21,,0.08,,,,,
27/06/21,,0.08,,,,,
28/06/21,4290.61,0.08,15.76,31.86,49.54,91.89,72.98
29/06/21,4291.8,0.08,16.02,31.99,49.89,92.05,73.14
30/06/21,4297.5,0.08,15.83,32.74,49.88,92.44,73.52
01/07/21,4319.94,0.1,15.48,32.47,50.62,92.6,75.33
02/07/21,4352.34,0.1,15.07,32.87,50.93,92.23,75.37
03/07/21,,0.1,,,,,
04/07/21,,0.1,,,,,
05/07/21,,0.1,.,,,92.21,0
06/07/21,4343.54,0.1,16.44,37.59,49.9,92.55,73.62
07/07/21,4358.13,0.1,16.2,42.01,48.66,92.64,72.22
08/07/21,4320.82,0.1,19,38.8,49.52,92.42,72.98
09/07/21,4369.55,0.1,16.18,37.02,50.41,92.13,74.56
10/07/21,,0.1,,,,,
11/07/21,,0.1,,,,,
12/07/21,4384.63,0.1,16.17,38.73,50.31,92.26,74.21
13/07/21,4369.21,0.1,17.12,35.4,51.15,92.75,75.24
14/07/21,4374.3,0.1,16.33,38.2,49.7,92.41,73.06
15/07/21,4360.03,0.1,17.01,38.04,49.04,92.62,71.67
16/07/21,4327.16,0.1,18.45,37.15,49.14,92.69,71.76
17/07/21,,0.1,,,,,
18/07/21,,0.1,,,,,
19/07/21,4258.49,0.1,22.5,46.36,45.84,92.89,66.45
20/07/21,4323.06,0.1,19.73,52.26,46.51,92.97,67.32
21/07/21,4358.69,0.1,17.91,42.91,48.27,92.75,70.26
22/07/21,4367.48,0.1,17.69,36.44,49.17,92.82,72.15
23/07/21,4411.79,0.1,17.2,34.05,49.47,92.91,72.24
24/07/21,,0.1,,,,,
25/07/21,,0.1,,,,,
26/07/21,4422.3,0.1,17.58,35.59,49.67,92.65,72.15
27/07/21,4401.46,0.1,19.36,35.14,49.47,92.43,71.68
28/07/21,4400.64,0.1,18.31,34.62,49.72,92.32,72.37
29/07/21,4419.15,0.1,17.7,33.36,50.64,91.86,73.62
30/07/21,4395.26,0.1,18.24,32.85,50.66,92.17,73.93
31/07/21,,0.1,,,,,
01/08/21,,0.09,,,,,
02/08/21,4387.16,0.09,19.46,36.23,49.18,92.05,71.31
03/08/21,4423.15,0.09,18.04,37.55,48.85,92.08,70.64
04/08/21,4402.66,0.09,17.97,42.27,47.2,92.27,68.19
05/08/21,4429.1,0.09,17.28,39.09,48.1,92.24,69.1
06/08/21,4436.52,0.09,16.15,39.31,47.57,92.8,68.26
07/08/21,,0.09,,,,,
08/08/21,,0.09,,,,,
09/08/21,4432.35,0.09,16.72,43.28,46.6,92.94,66.56
10/08/21,4436.75,0.09,16.79,39.28,47.68,93.06,68.33
11/08/21,4447.7,0.09,16.06,38.32,48.3,92.92,69.3
12/08/21,4460.83,0.09,15.59,36.5,48.1,93.04,69.12
13/08/21,4468,0.09,15.45,35.91,47.43,92.52,68.36
14/08/21,,0.09,,,,,
15/08/21,,0.09,,,,,
16/08/21,4479.71,0.09,16.12,38.84,47.04,92.63,67.44
17/08/21,4448.08,0.09,17.91,39.5,46.58,93.13,66.5
18/08/21,4400.27,0.09,21.57,40.86,45.4,93.14,65.36
19/08/21,4405.8,0.09,21.67,40.98,44.77,93.57,63.69
20/08/21,4441.67,0.09,18.56,40.67,43.43,93.5,62.25
21/08/21,,0.09,,,,,
22/08/21,,0.09,,,,,
23/08/21,4479.53,0.09,17.15,38.67,45.85,92.96,65.65
24/08/21,4486.23,0.09,17.22,36.79,47.37,92.89,67.5
25/08/21,4496.19,0.09,16.79,35.6,47.81,92.82,68.54
26/08/21,4470,0.09,18.84,36.33,47.48,93.06,67.42
27/08/21,4509.37,0.09,16.39,34.93,48.15,92.69,68.84
28/08/21,,0.09,,,,,
29/08/21,,0.09,,,,,
30/08/21,4528.79,0.09,16.19,35.27,48.4,92.65,69.28
31/08/21,4522.68,0.09,16.48,34.28,48.04,92.63,68.43
01/09/21,4524.09,0.08,16.11,36.13,47.93,92.45,68.63
02/09/21,4536.95,0.08,16.41,31.35,48.95,92.22,70.07
03/09/21,4535.43,0.08,16.41,36.91,48.66,92.04,69.34
04/09/21,,0.08,,,,,
05/09/21,,0.08,,,,,
06/09/21,,0.08,.,,,92.04,0
07/09/21,4520.03,0.08,18.14,32.91,48.04,92.51,68.49
08/09/21,4514.07,0.08,17.96,31.91,48.59,92.65,69.36
09/09/21,4493.28,0.08,18.8,33.87,47.75,92.48,68.26
10/09/21,4458.58,0.08,20.95,33.54,48.8,92.58,69.82
11/09/21,,0.08,,,,,
12/09/21,,0.08,,,,,
13/09/21,4468.73,0.08,19.37,32.74,49.48,92.68,70.54
14/09/21,4443.05,0.08,19.46,33.63,49.31,92.62,70.53
15/09/21,4480.7,0.08,18.18,32.38,50.69,92.55,72.59
16/09/21,4473.75,0.08,18.69,33.16,50.7,92.93,72.69
17/09/21,4432.99,0.08,20.81,32.32,50.32,93.19,72.09
18/09/21,,0.08,,,,,
19/09/21,,0.08,,,,,
20/09/21,4357.73,0.08,25.71,35.23,49.6,93.28,70.41
21/09/21,4354.19,0.08,24.36,34.45,49.58,93.2,70.51
22/09/21,4395.64,0.08,20.87,32.43,50.48,93.46,72.37
23/09/21,4448.98,0.08,18.63,32.3,51.38,93.03,73.43
24/09/21,4455.48,0.08,17.75,34.01,51.82,93.33,74.18
25/09/21,,0.08,,,,,
26/09/21,,0.08,,,,,
27/09/21,4443.11,0.08,18.76,34.98,52.91,93.38,75.54
28/09/21,4352.63,0.08,23.25,36.1,52.4,93.77,75.44
29/09/21,4359.46,0.08,22.56,35.26,52.32,94.34,75.06
30/09/21,4307.54,0.08,23.14,38.68,52.56,94.23,75.22
01/10/21,4357.04,0.08,21.15,37.38,53.26,94.04,76.01
02/10/21,,0.08,,,,,
03/10/21,,0.08,,,,,
04/10/21,4300.46,0.08,22.96,37.27,54.49,93.78,77.68
05/10/21,4345.72,0.08,21.3,37.2,55.63,93.97,79.17
06/10/21,4363.55,0.08,21,41.02,54.16,94.27,77.66
07/10/21,4399.76,0.08,19.54,46.15,55.36,94.22,78.46
08/10/21,4391.34,0.08,18.77,38,55.47,94.07,79.55
09/10/21,,0.08,,,,,
10/10/21,,0.08,,,,,
11/10/21,4361.19,0.08,20,38.51,56.18,94.32,80.64
12/10/21,4350.65,0.08,19.85,37.1,56.11,94.52,80.75
13/10/21,4363.8,0.08,18.64,36.05,56.16,94.08,80.67
14/10/21,4438.26,0.08,16.86,36.98,56.81,93.96,81.43
15/10/21,4471.37,0.08,16.3,34.05,57.15,93.94,82.39
16/10/21,,0.08,,,,,
17/10/21,,0.08,,,,,
18/10/21,4486.46,0.08,16.31,35.02,56.96,93.95,82.62
19/10/21,4519.63,0.08,15.7,35.14,57.42,93.73,83.19
20/10/21,4536.19,0.08,15.49,35.16,58.12,93.56,84.4
21/10/21,4549.78,0.08,15.01,36.55,57.41,93.77,82.64
22/10/21,4544.9,0.08,15.43,36.87,58.03,93.64,84.53
23/10/21,,0.08,,,,,
24/10/21,,0.08,,,,,
25/10/21,4566.48,0.08,15.24,36.07,57.83,93.81,84.64
26/10/21,4574.79,0.08,15.98,35.5,58.45,93.95,85.64
27/10/21,4551.68,0.08,16.98,37.63,56.9,93.8,82.66
28/10/21,4596.42,0.08,16.53,37.23,57.4,93.35,82.78
29/10/21,4605.38,0.08,16.26,37.92,57.15,94.12,83.5
30/10/21,,0.08,,,,,
31/10/21,,0.08,,,,,
01/11/21,4613.67,0.08,16.41,36.74,57.53,93.88,84.08
02/11/21,4630.65,0.08,16.03,35.56,57.53,94.09,83.91
03/11/21,4660.57,0.08,15.1,39.44,55.34,93.86,80.82
04/11/21,4680.06,0.08,15.44,38.56,54.92,94.35,78.88
05/11/21,4697.53,0.08,16.48,37.84,56.55,94.32,81.25
06/11/21,,0.08,,,,,
07/11/21,,0.08,,,,,
08/11/21,4701.7,0.08,17.22,37.71,57.09,94.05,81.96
09/11/21,4685.25,0.08,17.78,36.33,57.97,93.96,84.12
10/11/21,4646.71,0.08,18.73,37.09,56.32,94.85,81.23
11/11/21,4649.27,0.08,17.66,36.2,56.22,95.18,81.47
12/11/21,4682.85,0.08,16.29,36.1,55.98,95.13,80.87
13/11/21,,0.08,,,,,
14/11/21,,0.08,,,,,
15/11/21,4682.8,0.08,16.49,36.42,56.07,95.41,80.85
16/11/21,4700.9,0.08,16.37,34.69,56.2,95.92,80.76
17/11/21,4688.67,0.08,17.11,33.75,55,95.83,78.32
18/11/21,4704.54,0.08,17.59,37.68,55.55,95.54,78.92
19/11/21,4697.96,0.08,17.91,37.13,53.78,96.03,76.11
20/11/21,,0.08,,,,,
21/11/21,,0.08,,,,,
22/11/21,4682.94,0.08,19.17,36.61,54.45,96.55,76.74
23/11/21,4690.7,0.08,19.38,35.1,56.2,96.49,78.32
24/11/21,4701.46,0.08,18.58,34.79,55.88,96.88,78.32
25/11/21,,0.08,.,,,96.77,0
26/11/21,4594.62,0.08,28.62,65.72,49.63,96.09,0
27/11/21,,0.08,,,,,
28/11/21,,0.08,,,,,
29/11/21,4655.27,0.08,22.96,63.34,50.17,96.34,69.88
30/11/21,4567,0.08,27.19,75.23,47.91,95.99,66.14
01/12/21,4513.04,0.08,31.12,78.18,47.04,96.03,65.44
02/12/21,4577.1,0.08,27.95,57.27,48.29,96.16,66.6
03/12/21,4538.43,0.08,30.67,64.55,48,96.12,66.39
04/12/21,,0.08,,,,,
05/12/21,,0.08,,,,,
06/12/21,4591.67,0.08,27.18,56.21,50.51,96.33,69.62
07/12/21,4686.75,0.08,21.89,48.15,51.59,96.37,71.94
08/12/21,4701.21,0.08,19.9,45.22,52.42,95.89,72.43
09/12/21,4667.45,0.08,21.58,47.43,51.02,96.27,70.87
10/12/21,4712.02,0.08,18.69,46.23,52.03,96.1,71.71
11/12/21,,0.08,,,,,
12/12/21,,0.08,,,,,
13/12/21,4668.97,0.08,20.31,45.88,51.44,96.32,71.19
14/12/21,4634.09,0.08,21.89,54.76,50.92,96.57,70.57
15/12/21,4709.85,0.08,19.29,56.53,51.62,96.51,70.89
16/12/21,4668.67,0.08,20.57,49.97,51.87,96.04,72.34
17/12/21,4620.64,0.08,21.57,48.31,50.78,96.57,70.93
18/12/21,,0.08,,,,,
19/12/21,,0.08,,,,,
20/12/21,4568.02,0.08,22.87,60.24,49.9,96.55,68.69
21/12/21,4649.23,0.08,21.01,52.31,51.57,96.49,71.1
22/12/21,4696.56,0.08,18.63,46,52.48,96.08,72.82
23/12/21,4725.79,0.08,17.96,43.71,53.13,96.02,73.89
24/12/21,,0.08,.,43.71,,,0
25/12/21,,0.08,,,,,
26/12/21,,0.08,,,,,
27/12/21,4791.19,0.08,17.68,43.58,54.52,96.09,75.49
28/12/21,4786.35,0.08,17.54,41.23,54.67,96.2,76.01
29/12/21,4793.06,0.08,16.95,40.24,55.08,95.93,76.58
30/12/21,4778.73,0.08,17.33,40.2,55.1,95.97,76.83
31/12/21,4766.18,0.08,17.22,42.62,54.36,95.97,75.33
01/01/22,,0.08,,,,,
02/01/22,,0.08,,,,,
03/01/22,4796.56,0.08,16.6,37.57,54.83,96.21,75.99
04/01/22,4793.54,0.08,16.91,39.48,55.59,96.26,77
05/01/22,4700.58,0.08,19.73,44.49,55.43,96.17,77.83
06/01/22,4696.05,0.08,19.61,36.86,56.89,96.32,79.47
07/01/22,4677.03,0.08,18.76,37,56.67,95.72,79
08/01/22,,0.08,,,,,
09/01/22,,0.08,,,,,
10/01/22,4670.29,0.08,19.4,37.65,56.16,95.99,78.11
11/01/22,4713.07,0.08,18.41,34.31,58.16,95.62,81.17
12/01/22,4726.35,0.08,17.62,34.39,58.91,94.92,82.51
13/01/22,4659.03,0.08,20.31,37.11,58.27,94.79,81.97
14/01/22,4662.85,0.08,19.19,41.18,59.97,95.17,83.82
15/01/22,,0.08,,,,,
16/01/22,,0.08,,,,,
17/01/22,,0.08,.,,,95.26,0
18/01/22,4577.11,0.08,22.79,42.28,60.97,95.73,85.42
19/01/22,4532.76,0.08,23.85,42.75,61.05,95.51,86.84
20/01/22,4482.73,0.08,25.59,41.15,60.66,95.74,86.29
21/01/22,4397.94,0.08,28.85,42.57,60.78,95.64,85.16
22/01/22,,0.08,,,,,
23/01/22,,0.08,,,,,
24/01/22,4410.13,0.08,29.9,47.84,60.11,95.92,84.48
25/01/22,4356.45,0.08,31.16,47.63,60.97,95.95,86.61
26/01/22,4349.93,0.08,31.96,45.67,61.68,96.39,88.33
27/01/22,4326.51,0.08,30.49,46.9,61.86,97.25,87.61
28/01/22,4431.85,0.08,27.66,47.74,61.97,97.27,87.67
29/01/22,,0.08,,,,,
30/01/22,,0.08,,,,,
31/01/22,4515.55,0.08,24.83,42.35,62.48,96.54,89.16
01/02/22,4546.54,0.08,21.96,41.31,62.53,96.39,88.22
02/02/22,4589.38,0.08,22.09,41.86,62.52,95.94,88.16
03/02/22,4477.44,0.08,24.35,42.15,63.51,95.38,90.17
04/02/22,4500.53,0.08,23.22,43.88,64.91,95.49,92.27
05/02/22,,0.08,,,,,
06/02/22,,0.08,,,,,
07/02/22,4483.87,0.08,22.86,43.34,64.68,95.4,91.25
08/02/22,4521.54,0.08,21.44,41.26,63.62,95.64,89.32
09/02/22,4587.18,0.08,19.96,39.4,64.17,95.49,89.57
10/02/22,4504.08,0.08,23.91,43.81,63.96,95.55,89.83
11/02/22,4418.64,0.08,27.36,47.44,65.74,96.08,93.1
12/02/22,,0.08,,,,,
13/02/22,,0.08,,,,,
14/02/22,4401.67,0.08,28.33,48.83,66.36,96.37,95.52
15/02/22,4471.07,0.08,25.7,48.36,64.28,95.99,92.07
16/02/22,4475.01,0.08,24.29,49.38,63.54,95.7,93.83
17/02/22,4380.26,0.08,28.11,53.14,64.17,95.8,91.78
18/02/22,4348.87,0.08,27.75,52.01,64.74,96.04,91.26
19/02/22,,0.08,,,,,
20/02/22,,0.08,,,,,
21/02/22,,0.08,.,,,96.08,0
22/02/22,4304.76,0.08,28.81,50.11,65.54,96.03,92.11
23/02/22,4225.5,0.08,31.02,50.51,66.24,96.19,92.14
24/02/22,4288.7,0.08,30.32,49.04,66.34,97.14,92.77
25/02/22,4384.65,0.08,27.59,49.5,65.8,96.61,91.68
26/02/22,,0.08,,,,,
27/02/22,,0.08,,,,,
28/02/22,4373.94,0.08,30.15,52.5,67.48,96.71,96.13
01/03/22,4306.26,0.2,33.32,61.43,71.82,97.41,103.66
02/03/22,4386.54,0.2,30.74,61.53,75.42,97.39,110.74
03/03/22,4363.49,0.2,30.48,64.37,74.53,97.79,107.69
04/03/22,4328.87,0.2,31.98,77.29,79.46,98.65,115.77
05/03/22,,0.2,,,,,
06/03/22,,0.2,,,,,
07/03/22,4201.09,0.2,36.45,78.91,82.37,99.29,119.26
08/03/22,4170.7,0.2,35.13,75.82,85.43,99.06,123.64
09/03/22,4277.88,0.2,32.45,73.25,75.47,97.97,108.81
10/03/22,4259.52,0.2,30.23,67.34,74.06,98.51,105.93
11/03/22,4204.31,0.2,30.75,68.01,76.4,99.12,109.31
12/03/22,,0.2,,,,,
13/03/22,,0.2,,,,,
14/03/22,4173.11,0.2,31.77,65.42,72.84,99,103.22
15/03/22,4262.45,0.2,29.83,63.62,68.63,99.1,96.42
16/03/22,4357.86,0.2,26.67,59.35,68.28,98.62,94.85
17/03/22,4411.67,0.2,25.67,67.78,73.68,97.97,102.97
18/03/22,4463.12,0.2,23.87,69.09,74.64,98.23,104.69
19/03/22,,0.2,,,,,
20/03/22,,0.2,,,,,
21/03/22,4461.18,0.2,23.53,70.78,79.54,98.5,112.14
22/03/22,4511.61,0.2,22.94,69.56,78.56,98.49,111.03
23/03/22,4456.24,0.2,23.57,72.59,81.95,98.62,114.89
24/03/22,4520.16,0.2,21.67,69.14,79.75,98.79,114.2
25/03/22,4543.06,0.2,20.81,68.91,80.74,98.79,116.2
26/03/22,,0.2,,,,,
27/03/22,,0.2,,,,,
28/03/22,4575.52,0.2,19.63,67.04,74.53,99.09,107.55
29/03/22,4631.6,0.2,18.9,62.46,76.15,98.4,104.25
30/03/22,4602.45,0.2,19.33,61.04,77.91,97.79,107.81
31/03/22,4530.41,0.2,20.56,57.66,74.12,98.31,100.53
01/04/22,4545.86,0.33,19.63,54.36,74.17,98.63,99.32
02/04/22,,0.33,,,,,
03/04/22,,0.33,,,,,
04/04/22,4582.64,0.33,18.57,54.31,76.86,99,103.29
05/04/22,4525.12,0.33,21.03,53.8,74.8,99.47,101.98
06/04/22,4481.15,0.33,22.1,53.15,73.05,99.6,96.39
07/04/22,4500.21,0.33,21.55,54.23,73.11,99.75,96.05
08/04/22,4488.28,0.33,21.16,53.14,74.11,99.8,98.35
09/04/22,,0.33,,,,,
10/04/22,,0.33,,,,,
11/04/22,4412.53,0.33,24.37,54.81,72.3,99.93,94.22
12/04/22,4397.45,0.33,24.26,55.25,75.98,100.29,100.52
13/04/22,4446.59,0.33,21.82,51.2,78.42,99.88,104.26
14/04/22,4392.59,0.33,22.7,53.38,79.57,100.32,106.84
15/04/22,,0.33,.,,,100.32,
16/04/22,,0.33,,,,,
17/04/22,,0.33,,,,,
18/04/22,4391.69,0.33,22.17,50.94,80.41,100.78,108.24
19/04/22,4462.21,0.33,21.37,50.34,76.86,100.96,102.54
20/04/22,4459.45,0.33,20.32,52.23,77.24,100.39,102.56
21/04/22,4393.66,0.33,22.68,49.86,78.12,100.58,103.89
22/04/22,4271.78,0.33,28.21,51.15,76.31,101.22,102.86
23/04/22,,0.33,,,,,
24/04/22,,0.33,,,,,
25/04/22,4296.12,0.33,27.02,52.86,74.65,101.75,99.6
26/04/22,4175.2,0.33,33.52,53.57,76.46,102.3,102.62
27/04/22,4183.96,0.33,31.6,53.38,76.37,102.95,101.96
28/04/22,4287.5,0.33,29.99,51.94,78.08,103.62,105.47
29/04/22,4131.93,0.33,33.4,53.1,77.16,102.96,104.59
30/04/22,,0.33,,,,,
01/05/22,,0.77,,,,,
02/05/22,4155.38,0.77,32.34,54.15,78.38,103.74,105.18
03/05/22,4175.48,0.77,29.25,54.04,76.69,103.46,102.53
04/05/22,4300.17,0.77,25.42,53.15,80.22,102.59,107.84
05/05/22,4146.87,0.77,31.2,54.72,80.48,103.75,108.17
06/05/22,4123.34,0.77,30.19,54.82,82.13,103.66,109.72
07/05/22,,0.77,,,,,
08/05/22,,0.77,,,,,
09/05/22,3991.24,0.77,34.75,57.9,76.57,103.65,103.08
10/05/22,4001.05,0.77,32.99,56.06,74.53,103.92,99.74
11/05/22,3935.18,0.77,32.56,53.43,78.18,103.85,105.5
12/05/22,3930.08,0.77,31.77,52.71,79.23,104.85,106.15
13/05/22,4023.89,0.77,28.87,51.22,81.28,104.56,110.52
14/05/22,,0.77,,,,,
15/05/22,,0.77,,,,,
16/05/22,4008.01,0.77,27.47,51.89,83.11,104.19,114.07
17/05/22,4088.85,0.77,26.1,50.34,81.11,103.36,112.31
18/05/22,3923.68,0.77,30.96,51.89,79.29,103.81,109.67
19/05/22,3900.79,0.77,29.35,51.16,80.58,102.72,112.21
20/05/22,3901.36,0.77,29.43,50.72,81.65,103.15,112.63
21/05/22,,0.77,,,,,
22/05/22,,0.77,,,,,
23/05/22,3973.75,0.77,28.48,48.63,81.97,102.08,110.32
24/05/22,3941.48,0.77,29.45,47.04,82,101.86,112.55
25/05/22,3978.73,0.77,28.37,46.76,82.48,102.06,112.88
26/05/22,4057.84,0.77,27.5,46.03,84.59,101.83,116.19
27/05/22,4158.24,0.77,25.72,47.92,85.46,101.67,114.96
28/05/22,,0.77,,,,,
29/05/22,,0.77,,,,,
30/05/22,,0.77,26.54,,,101.67,0
31/05/22,4132.15,0.77,26.19,49.82,85.47,101.75,114.38
01/06/22,4101.23,1.21,25.69,49.14,85.54,102.5,115.26
02/06/22,4176.82,1.21,24.72,47.8,87.25,101.82,116.88
03/06/22,4108.54,1.21,24.79,46.23,89.47,102.14,118.97
04/06/22,,1.21,,,,,
05/06/22,,1.21,,,,,
06/06/22,4121.43,1.21,25.07,47.9,88.39,102.44,118.41
07/06/22,4160.68,1.21,24.02,45.88,90.04,102.32,119.55
08/06/22,4115.77,1.21,23.96,44.37,91.99,102.54,121.94
09/06/22,4017.82,1.21,26.09,43.87,91.08,103.22,121.52
10/06/22,3900.86,1.21,27.75,42.92,90.13,104.15,120.73
11/06/22,,1.21,,,,,
12/06/22,,1.21,,,,,
13/06/22,3749.63,1.21,34.02,47.56,90.36,105.08,120.92
14/06/22,3735.48,1.21,32.69,46.63,88.45,105.52,118.92
15/06/22,3789.99,1.21,29.62,47.04,86.93,105.16,115.32
16/06/22,3666.77,1.21,32.95,46.27,87.66,103.63,117.56
17/06/22,3674.84,1.21,31.13,49.19,83.34,104.7,109.56
18/06/22,,1.21,,,,,
19/06/22,,1.21,,,,,
20/06/22,,1.21,31.03,,,104.7,0
21/06/22,3764.79,1.21,30.19,46.56,84.05,104.43,110.49
22/06/22,3759.89,1.21,28.95,48.99,80.88,104.2,106.22
23/06/22,3795.73,1.21,29.05,48.58,78.98,104.43,105.75
24/06/22,3911.74,1.21,27.23,46.99,81.27,104.18,109.07
25/06/22,,1.21,,,,,
26/06/22,,1.21,,,,,
27/06/22,3900.11,1.21,26.95,46.99,82.93,103.94,111.44
28/06/22,3821.55,1.21,28.36,46.59,84.72,104.51,113.66
29/06/22,3818.83,1.21,28.16,48.57,82.95,105.11,111.65
30/06/22,3785.38,1.21,28.71,48.9,80.35,104.68,107.76
01/07/22,3825.33,1.68,26.7,49.4,81.67,105.14,110.3
02/07/22,,1.68,,,,,
03/07/22,,1.68,,,,,
04/07/22,,1.68,27.53,,,105.14,0
05/07/22,3831.39,1.68,27.54,52.61,74.78,106.54,101.55
06/07/22,3845.08,1.68,26.73,54.67,73.67,107.1,100.31
07/07/22,3902.62,1.68,26.08,52.87,76.55,107.13,104.62
08/07/22,3899.38,1.68,24.64,52.1,78.54,107.01,106.78
09/07/22,,1.68,,,,,
10/07/22,,1.68,,,,,
11/07/22,3854.43,1.68,26.17,53.1,78.23,108.02,106.09
12/07/22,3818.8,1.68,27.29,54.4,72.81,108.07,97.69
13/07/22,3801.78,1.68,26.82,51.76,73.19,107.96,98.44
14/07/22,3790.38,1.68,26.4,53.03,72.85,108.54,97.79
15/07/22,3863.16,1.68,24.23,51.77,73.74,108.06,99.59
16/07/22,,1.68,,,,,
17/07/22,,1.68,,,,,
18/07/22,3830.85,1.68,25.3,49.66,76.81,107.37,104.48
19/07/22,3936.69,1.68,24.5,48.77,78.05,106.68,106.12
20/07/22,3959.9,1.68,23.88,47.54,77.64,107.08,104.45
21/07/22,3998.95,1.68,23.11,51.1,75.49,106.91,98.44
22/07/22,3961.63,1.68,23.03,47.84,74.53,106.73,97.71
23/07/22,,1.68,,,,,
24/07/22,,1.68,,,,,
25/07/22,3966.84,1.68,23.36,47.96,76.22,106.48,99.83
26/07/22,3921.05,1.68,24.69,47.81,75.16,107.19,97.74
27/07/22,4023.61,1.68,23.24,48.99,77.87,106.45,100.03
28/07/22,4072.43,1.68,22.33,47.17,77.13,106.35,99.11
29/07/22,4130.29,1.68,21.33,46.19,78.05,105.9,101.31
30/07/22,,1.68,,,,,
31/07/22,,1.68,,,,,
01/08/22,4118.63,2.33,22.84,49.97,75.13,105.45,96.59
02/08/22,4091.19,2.33,23.93,52.77,75.93,106.24,97.14
03/08/22,4155.17,2.33,21.95,50.12,73.53,106.51,93.25
04/08/22,4151.94,2.33,21.44,55.14,71.53,105.69,91.29
05/08/22,4145.19,2.33,21.15,48.76,71.54,106.62,91.77
06/08/22,,2.33,,,,,
07/08/22,,2.33,,,,,
08/08/22,4140.06,2.33,21.29,46.4,73.54,106.43,93.52
09/08/22,4122.47,2.33,21.77,46.23,73.45,106.37,93.18
10/08/22,4210.24,2.33,19.74,46.56,74.32,105.2,94.68
11/08/22,4207.27,2.33,20.2,45.37,76.28,105.09,97.02
12/08/22,4280.15,2.33,19.53,44,74.98,105.63,94.86
13/08/22,,2.33,,,,,
14/08/22,,2.33,,,,,
15/08/22,4297.14,2.33,19.95,46.63,72.88,106.55,92.24
16/08/22,4305.2,2.33,19.69,50.25,71.24,106.5,89.23
17/08/22,4274.04,2.33,19.9,51.55,72.05,106.57,90.85
18/08/22,4283.74,2.33,19.56,47.41,74.21,107.48,93.2
19/08/22,4228.48,2.33,20.6,50.34,74.06,108.17,93.55
20/08/22,,2.33,,,,,
21/08/22,,2.33,,,,,
22/08/22,4137.99,2.33,23.8,50.64,74.68,109.05,93.42
23/08/22,4128.73,2.33,24.11,47.35,76.83,108.62,96.46
24/08/22,4140.77,2.33,22.82,48.33,78.04,108.68,95.52
25/08/22,4199.12,2.33,21.78,48.78,76.5,108.47,93.33
26/08/22,4057.66,2.33,25.56,47.08,75.85,108.8,93.63
27/08/22,,2.33,,,,,
28/08/22,,2.33,,,,,
29/08/22,4030.61,2.33,26.21,47.73,78.69,108.83,97.4
30/08/22,3986.16,2.33,26.21,49.74,75.47,108.77,92.08
31/08/22,3955,2.33,25.87,52.11,73.11,108.7,90.09
01/09/22,3966.85,2.56,25.56,53.9,70.95,109.69,87.09
02/09/22,3924.26,2.56,25.47,53.9,71.43,109.53,87.29
03/09/22,,2.56,,,,,
04/09/22,,2.56,,,,,
05/09/22,,2.56,25.99,,,109.83,0
06/09/22,3908.19,2.56,26.91,50,71.42,110.21,87.35
07/09/22,3979.87,2.56,24.64,53.32,67.62,109.84,82.5
08/09/22,4006.18,2.56,23.61,51.29,68.09,109.71,84.04
09/09/22,4067.36,2.56,22.79,48.84,71.1,109,87.27
10/09/22,,2.56,,,,,
11/09/22,,2.56,,,,,
12/09/22,4110.41,2.56,23.87,44.15,72.37,108.33,88.18
13/09/22,3932.69,2.56,27.27,44.81,72.01,109.82,87.84
14/09/22,3946.01,2.56,26.16,45.62,72.73,109.66,88.88
15/09/22,3901.35,2.56,26.27,46.63,69.76,109.74,85.72
16/09/22,3873.33,2.56,26.3,47.44,69.9,109.76,85.57
17/09/22,,2.56,,,,,
18/09/22,,2.56,,,,,
19/09/22,3899.89,2.56,25.76,46.75,70.05,109.74,86.15
20/09/22,3855.93,2.56,27.16,48.23,69.22,110.21,84.69
21/09/22,3789.93,2.56,27.99,48.65,68.68,110.64,83.38
22/09/22,3757.99,2.56,27.35,47.1,68.97,111.35,84.02
23/09/22,3693.23,2.56,29.92,50.82,65.32,113.19,79.07
24/09/22,,2.56,,,,,
25/09/22,,2.56,,,,,
26/09/22,3655.04,2.56,32.26,56.68,63.2,114.1,77.17
27/09/22,3647.29,2.56,32.6,55.89,64.42,114.11,78.91
28/09/22,3719.04,2.56,30.18,55.02,67.13,112.6,82.61
29/09/22,3640.47,2.56,31.84,54.41,66.77,112.25,81.78
30/09/22,3585.62,2.56,31.62,55.69,65.28,112.12,79.91
01/10/22,,3.08,,,,,
02/10/22,,3.08,,,,,
03/10/22,3678.43,3.08,30.1,56.24,67.89,111.75,84.05
04/10/22,3790.93,3.08,29.07,59.51,70.28,110.07,86.87
05/10/22,3783.28,3.08,28.55,54.2,71.94,111.07,88.22
06/10/22,3744.52,3.08,30.52,53.39,72.99,112.26,88.9
07/10/22,3639.66,3.08,31.36,53.64,75.1,112.79,93.07
08/10/22,,3.08,,,,,
09/10/22,,3.08,,,,,
10/10/22,3612.39,3.08,32.45,51.42,73.78,113.14,91.6
11/10/22,3588.84,3.08,33.63,51.92,71.75,113.22,89.75
12/10/22,3577.03,3.08,33.57,51.52,70.93,113.32,87.83
13/10/22,3669.91,3.08,31.94,50.52,72.52,112.36,89.59
14/10/22,3583.07,3.08,32.02,50.3,70.17,113.31,86.1
15/10/22,,3.08,,,,,
16/10/22,,3.08,,,,,
17/10/22,3677.95,3.08,31.37,50.27,70.13,112.04,86
18/10/22,3719.98,3.08,30.5,49.12,68.7,112.13,83.29
19/10/22,3695.16,3.08,30.76,47.78,70.04,112.98,86
20/10/22,3665.78,3.08,29.98,47.98,70.18,112.88,86.02
21/10/22,3752.75,3.08,29.69,47.19,70.57,112.01,85.47
22/10/22,,3.08,,,,,
23/10/22,,3.08,,,,,
24/10/22,3797.34,3.08,29.85,47.78,70.38,111.99,86.12
25/10/22,3859.11,3.08,28.46,47.3,70.61,110.95,86.93
26/10/22,3830.6,3.08,27.28,48.58,72.97,109.7,89.39
27/10/22,3807.3,3.08,27.39,49.02,73.62,110.59,89.06
28/10/22,3901.06,3.08,25.75,47.81,72.82,110.75,87.85
29/10/22,,3.08,,,,,
30/10/22,,3.08,,,,,
31/10/22,3871.98,3.08,25.88,47.41,71.53,111.53,86.54
01/11/22,3856.1,3.78,25.81,47.04,73.12,111.48,88.36
02/11/22,3759.69,3.78,25.86,47.75,74.08,111.35,90.06
03/11/22,3719.89,3.78,25.3,46.47,73.29,112.93,88.14
04/11/22,3770.55,3.78,24.55,47.5,76.82,110.88,92.58
05/11/22,,3.78,,,,,
06/11/22,,3.78,,,,,
07/11/22,3806.8,3.78,24.35,45.11,76.56,110.12,91.8
08/11/22,3828.11,3.78,25.54,45.04,74.47,109.64,88.8
09/11/22,3748.57,3.78,26.09,45.38,71.67,110.55,85.79
10/11/22,3956.37,3.78,23.53,43.48,72.24,108.21,86.52
11/11/22,3992.93,3.78,22.52,42.06,74.38,106.29,89.14
12/11/22,,3.78,,,,,
13/11/22,,3.78,,,,,
14/11/22,3957.25,3.78,23.73,44.42,71.91,106.66,85.85
15/11/22,3991.73,3.78,24.54,46.72,73.25,106.4,86.87
16/11/22,3958.79,3.78,24.11,45.12,72.04,106.28,85.62
17/11/22,3946.56,3.78,23.93,45.34,70.14,106.69,81.69
18/11/22,3965.34,3.78,23.12,45.93,69.03,106.93,80.07
19/11/22,,3.78,,,,,
20/11/22,,3.78,,,,,
21/11/22,3949.94,3.78,22.36,47.11,69.03,107.83,79.74
22/11/22,4003.58,3.78,21.29,46.3,69.98,107.22,80.83
23/11/22,4027.26,3.78,20.35,51.56,67.41,106.08,77.93
24/11/22,,3.78,20.42,,,105.82,0
25/11/22,4026.12,3.78,20.5,50.16,66.96,105.96,76.45
26/11/22,,3.78,,,,,
27/11/22,,3.78,,,,,
28/11/22,3963.94,3.78,22.21,50.53,66.88,106.68,77.1
29/11/22,3957.63,3.78,21.89,47.91,68.34,106.82,77.96
30/11/22,4080.11,3.78,20.58,46.15,70.23,105.95,80.48
01/12/22,4076.57,4.1,19.84,45.61,70.45,104.73,81.06
02/12/22,4071.7,4.1,19.06,45.76,69.84,104.54,79.86
03/12/22,,4.1,,,,,
04/12/22,,4.1,,,,,
05/12/22,3998.84,4.1,20.75,45.41,67.72,105.29,76.83
06/12/22,3941.26,4.1,22.17,46.36,65.23,105.58,74.21
07/12/22,3933.92,4.1,22.68,47.91,63.65,105.1,71.93
08/12/22,3963.51,4.1,22.29,47.17,62.71,104.77,71.3
09/12/22,3934.38,4.1,22.83,46.93,62.85,104.81,71.05
10/12/22,,4.1,,,,,
11/12/22,,4.1,,,,,
12/12/22,3990.56,4.1,25,44.99,64.41,105.13,72.96
13/12/22,4019.65,4.1,22.55,43.37,65.86,103.98,75.44
14/12/22,3995.32,4.1,21.14,41.82,67.36,103.77,77.14
15/12/22,3895.75,4.1,22.83,43.7,66.15,104.56,75.89
16/12/22,3852.36,4.1,22.62,42.29,64.9,104.7,74.19
17/12/22,,4.1,,,,,
18/12/22,,4.1,,,,,
19/12/22,3817.66,4.1,22.42,42.47,66.07,104.72,75.05
20/12/22,3821.62,4.1,21.48,41.79,66.22,103.96,75.92
21/12/22,3878.44,4.1,20.07,41.18,68.06,104.16,78.17
22/12/22,3822.39,4.1,21.97,41.8,67.7,104.43,77.68
23/12/22,3844.82,4.1,20.87,41.21,69.32,104.31,79.57
24/12/22,,4.1,,,,,
25/12/22,,4.1,,,,104.32,
26/12/22,,4.1,.,,,,
27/12/22,3829.25,4.1,21.65,43.5,69.53,104.18,79.45
28/12/22,3783.22,4.1,22.14,43.95,68.58,104.46,78.89
29/12/22,3849.28,4.1,21.44,42.6,68.53,103.84,78.43
30/12/22,3839.5,4.1,21.67,41.26,70.11,103.52,80.16
31/12/22,,4.1,,,,,
01/01/23,,4.33,,,,103.49,
02/01/23,,4.33,.,,,,
03/01/23,3824.14,4.33,22.9,44.14,67.64,104.52,76.87
04/01/23,3852.97,4.33,22.01,45.83,64.3,104.25,72.82
05/01/23,3808.1,4.33,22.46,43.93,64.78,105.04,73.61
06/01/23,3895.08,4.33,21.13,42.94,64.83,103.88,73.77
07/01/23,,4.33,,,,,
08/01/23,,4.33,,,,,
09/01/23,3892.09,4.33,21.97,42.75,65.88,103,74.69
10/01/23,3919.25,4.33,20.58,41.6,65.9,103.24,75.11
11/01/23,3969.61,4.33,21.09,41.19,68.05,103.19,77.46
12/01/23,3983.17,4.33,18.83,39.28,68.61,102.25,78.32
13/01/23,3999.09,4.33,18.35,38.19,70.05,102.2,79.9
14/01/23,,4.33,,,,,
15/01/23,,4.33,,,,,
16/01/23,,4.33,19.49,,,102.27,0
17/01/23,3990.97,4.33,19.36,40.1,70.86,102.39,80.25
18/01/23,3928.86,4.33,20.34,39.25,69.51,102.36,79.53
19/01/23,3898.85,4.33,20.52,39.02,70.59,102.06,80.31
20/01/23,3972.61,4.33,19.85,37.81,71.55,102.01,81.27
21/01/23,,4.33,,,,,
22/01/23,,4.33,,,,,
23/01/23,4019.81,4.33,19.81,37.3,71.5,102.14,81.62
24/01/23,4016.95,4.33,19.2,38.26,70.22,101.92,79.86
25/01/23,4016.22,4.33,19.08,38.54,70.51,101.64,79.78
26/01/23,4060.43,4.33,18.73,38.12,70.93,101.84,80.64
27/01/23,4070.56,4.33,18.51,38.6,69.5,101.93,79.73
28/01/23,,4.33,,,,,
29/01/23,,4.33,,,,,
30/01/23,4017.77,4.33,19.94,40.18,68.1,102.28,77.97
31/01/23,4076.6,4.33,19.4,38.55,69.32,102.1,78.95
01/02/23,4119.21,4.57,17.87,37.99,67.36,101.22,76.34
02/02/23,4179.76,4.57,18.73,38.49,66.57,101.75,75.87
03/02/23,4136.48,4.57,18.33,39.48,64.4,102.92,73.4
04/02/23,,4.57,,,,,
05/02/23,,4.57,,,,,
06/02/23,4111.08,4.57,19.43,38.92,65.5,103.62,74.11
07/02/23,4164,4.57,18.66,37.31,67.76,103.43,77.17
08/02/23,4117.86,4.57,19.63,37.02,68.68,103.41,78.47
09/02/23,4081.5,4.57,20.71,35.75,67.92,103.22,78.04
10/02/23,4090.46,4.57,20.53,35.89,69.87,103.63,79.74
11/02/23,,4.57,,,,,
12/02/23,,4.57,,,,,
13/02/23,4137.29,4.57,20.34,37.77,69.5,103.35,80.14
14/02/23,4136.13,4.57,18.91,36.67,69.4,103.23,79.08
15/02/23,4147.6,4.57,18.23,35.7,69.02,103.92,78.57
16/02/23,4090.41,4.57,20.17,35.03,68.45,103.86,78.45
17/02/23,4079.09,4.57,20.02,36.04,67.02,103.86,76.31
18/02/23,,4.57,,,,,
19/02/23,,4.57,,,,,
20/02/23,,4.57,21.23,,,103.86,0
21/02/23,3997.34,4.57,22.87,37.05,66.69,104.18,76.28
22/02/23,3991.05,4.57,22.29,38.36,64.92,104.58,73.95
23/02/23,4012.32,4.57,21.14,36.69,66.38,104.6,75.26
24/02/23,3970.04,4.57,21.67,37.25,67.1,105.21,76.19
25/02/23,,4.57,,,,,
26/02/23,,4.57,,,,,
27/02/23,3982.24,4.57,20.95,37.55,66.25,104.67,75.57
28/02/23,3970.15,4.57,20.7,35.42,67.21,104.87,76.88
01/03/23,3951.39,4.65,20.58,36.63,68.07,104.48,77.57
02/03/23,3981.35,4.65,19.59,35.61,68.3,105.03,78.05
03/03/23,4045.64,4.65,18.49,35.2,69.86,104.52,79.62
04/03/23,,4.65,,,,,
05/03/23,,4.65,,,,,
06/03/23,4048.42,4.65,18.61,33.03,70.49,104.35,80.39
07/03/23,3986.37,4.65,19.59,33.76,67.85,105.61,77.45
08/03/23,3992.01,4.65,19.11,33.39,67.1,105.66,76.56
09/03/23,3918.32,4.65,22.61,34.86,66.24,105.31,75.6
10/03/23,3861.59,4.65,24.8,36.76,67.14,104.58,76.55
11/03/23,,4.65,,,,,
12/03/23,,4.65,,,,,
13/03/23,3855.76,4.65,26.52,38.13,65.25,103.6,74.68
14/03/23,3919.29,4.65,23.73,47.41,62.93,103.6,71.18
15/03/23,3891.93,4.65,26.14,49.78,60.02,104.65,67.38
16/03/23,3960.28,4.65,22.99,48.65,60.05,104.42,68.15
17/03/23,3916.64,4.65,25.51,51.48,58.66,103.71,66.61
18/03/23,,4.65,,,,,
19/03/23,,4.65,,,,,
20/03/23,3951.57,4.65,24.15,51.14,59.79,103.28,67.56
21/03/23,4002.87,4.65,21.38,48.12,61.23,103.26,69.4
22/03/23,3936.97,4.65,22.26,46.97,61.61,102.35,70.71
23/03/23,3948.72,4.65,22.61,46.9,60.99,102.53,69.77
24/03/23,3970.99,4.65,21.74,48.36,60.96,103.12,69.22
25/03/23,,4.65,,,,,
26/03/23,,4.65,,,,,
27/03/23,3977.53,4.65,20.6,45.41,64.15,102.86,72.87
28/03/23,3971.27,4.65,19.97,44.31,64.55,102.43,73.12
29/03/23,4027.81,4.65,19.12,43.33,64.15,102.64,72.95
30/03/23,4050.83,4.65,19.02,42.02,65.32,102.14,74.32
31/03/23,4109.31,4.65,18.7,40.34,66.44,102.51,75.68
01/04/23,,4.83,,,,,
02/04/23,,4.83,,,,,
03/04/23,4124.51,4.83,18.55,39.49,70.27,102.09,80.4
04/04/23,4100.6,4.83,19,39.42,70.27,101.59,80.7
05/04/23,4090.38,4.83,19.08,39.14,70.24,101.85,80.69
06/04/23,4105.02,4.83,18.4,34.76,70.26,101.82,80.7
07/04/23,,4.83,.,,,102.09,
08/04/23,,4.83,,,,,
09/04/23,,4.83,,,,,
10/04/23,4109.11,4.83,18.97,34.31,69.76,102.58,79.79
11/04/23,4108.94,4.83,19.1,34.23,71.07,102.2,81.54
12/04/23,4091.95,4.83,19.09,33.74,72.43,101.5,83.26
13/04/23,4146.22,4.83,17.8,32.78,71.8,101.01,82.16
14/04/23,4137.64,4.83,17.07,32.51,72.09,101.55,82.58
15/04/23,,4.83,,,,,
16/04/23,,4.83,,,,,
17/04/23,4151.32,4.83,16.95,32.93,70.84,102.1,80.93
18/04/23,4154.87,4.83,16.83,33.69,70.73,101.75,80.85
19/04/23,4154.52,4.83,16.46,34.44,69.3,101.97,79.18
20/04/23,4129.79,4.83,17.17,36.41,67.6,101.84,77.27
21/04/23,4133.52,4.83,16.77,35.17,68.21,101.82,77.86
22/04/23,,4.83,,,,,
23/04/23,,4.83,,,,,
24/04/23,4137.04,4.83,16.89,34.28,69.25,101.35,78.64
25/04/23,4071.63,4.83,18.76,36.64,67.62,101.86,77.05
26/04/23,4055.99,4.83,18.84,39.25,65.36,101.47,74.33
27/04/23,4135.35,4.83,17.03,37.76,65.81,101.5,74.77
28/04/23,4169.48,4.83,15.78,35.63,67.5,101.66,76.78
29/04/23,,4.83,,,,,
30/04/23,,4.83,,,,,
01/05/23,4167.87,5.06,16.08,35.94,66.55,102.15,75.65
02/05/23,4119.58,5.06,17.78,39.48,63.05,101.96,71.71
03/05/23,4090.75,5.06,18.34,43.23,60.31,101.34,68.62
04/05/23,4061.22,5.06,20.09,43.75,60.7,101.4,68.52
05/05/23,4136.25,5.06,17.19,37.35,63.03,101.21,71.32
06/05/23,,5.06,,,,,
07/05/23,,5.06,,,,,
08/05/23,4138.12,5.06,16.98,35.54,64.26,101.38,73.13
09/05/23,4119.17,5.06,17.71,35.13,64.87,101.61,73.68
10/05/23,4137.64,5.06,16.94,34.13,64.39,101.48,72.53
11/05/23,4130.62,5.06,16.93,35.74,63.25,102.06,70.81
12/05/23,4124.08,5.06,17.03,37.32,62.07,102.68,70.02
13/05/23,,5.06,,,,,
14/05/23,,5.06,,,,,
15/05/23,4136.28,5.06,17.12,35.16,62.99,102.43,71.07
16/05/23,4109.9,5.06,17.99,35.98,62.54,102.56,70.85
17/05/23,4158.77,5.06,16.87,36.44,64.6,102.88,72.78
18/05/23,4198.05,5.06,16.05,36.02,64.04,103.58,71.82
19/05/23,4191.98,5.06,16.81,35.85,63.9,103.2,71.57
20/05/23,,5.06,,,,,
21/05/23,,5.06,,,,,
22/05/23,4192.63,5.06,17.21,35.52,63.91,103.2,71.81
23/05/23,4145.58,5.06,18.53,35.11,64.87,103.49,72.87
24/05/23,4115.24,5.06,20.03,35.86,65.66,103.89,74.37
25/05/23,4151.28,5.06,19.14,36.74,64.09,104.25,71.68
26/05/23,4205.45,5.06,17.95,35.95,64.8,104.21,72.35
27/05/23,,5.06,,,,,
28/05/23,,5.06,,,,,
29/05/23,,5.06,17.46,,,104.26,
30/05/23,4205.52,5.06,17.46,39.68,62.3,104.17,69.45
31/05/23,4179.83,5.06,17.94,40.68,60.63,104.33,68.11
01/06/23,4221.02,5.08,15.65,40.5,62.55,103.56,70.09
02/06/23,4282.37,5.08,14.6,39.6,64.15,104.01,71.76
03/06/23,,5.08,,,,,
04/06/23,,5.08,,,,,
05/06/23,4273.79,5.08,14.73,37.45,64.03,104,72.14
06/06/23,4283.85,5.08,13.96,36.07,63.79,104.13,71.71
07/06/23,4267.52,5.08,13.94,34.13,64.71,104.1,72.52
08/06/23,4293.93,5.08,13.65,35.18,63.46,103.34,71.28
09/06/23,4298.86,5.08,13.83,33.7,62.93,103.56,70.16
10/06/23,,5.08,,,,,
11/06/23,,5.08,,,,,
12/06/23,4338.93,5.08,15.01,36.35,60.24,103.65,67.08
13/06/23,4369.01,5.08,14.61,32.38,62.14,103.34,69.39
14/06/23,4372.59,5.08,13.88,33.66,61.83,102.95,68.22
15/06/23,4425.84,5.08,14.5,33.07,63.41,102.11,70.61
16/06/23,4409.59,5.08,13.54,32.99,64.35,102.24,71.81
17/06/23,,5.08,,,,,
18/06/23,,5.08,,,,,
19/06/23,,5.08,14.19,,,102.52,0
20/06/23,4388.71,5.08,13.88,34.75,63.92,102.54,70.94
21/06/23,4365.69,5.08,13.2,33.26,65.04,102.07,72.55
22/06/23,4381.89,5.08,12.91,34.93,62.52,102.39,69.22
23/06/23,4348.33,5.08,13.44,35.36,62.42,102.9,68.91
24/06/23,,5.08,,,,,
25/06/23,,5.08,,,,,
26/06/23,4328.82,5.08,14.25,36.67,62.73,102.69,69.09
27/06/23,4378.41,5.08,13.74,39.3,61.3,102.49,67.68
28/06/23,4376.86,5.08,13.43,36.86,62.52,102.9,69.54
29/06/23,4396.44,5.08,13.54,35.42,62.96,103.34,69.85
30/06/23,4450.38,5.08,13.59,33.28,63.55,102.91,70.66
01/07/23,,5.12,,,,,
02/07/23,,5.12,,,,,
03/07/23,4455.59,5.12,13.57,33.88,63.39,102.96,69.71
04/07/23,,5.12,13.7,,,103.04,0
05/07/23,4446.82,5.12,14.18,33.91,64.63,103.37,71.78
06/07/23,4411.59,5.12,15.44,35.13,64.44,103.07,71.76
07/07/23,4398.95,5.12,14.83,34.55,65.85,102.27,73.91
08/07/23,,5.12,,,,,
09/07/23,,5.12,,,,,
10/07/23,4409.53,5.12,15.07,38.35,65.54,101.97,73.05
11/07/23,4439.26,5.12,14.84,32.43,67.03,101.73,74.87
12/07/23,4472.16,5.12,13.54,32.69,67.87,100.52,75.77
13/07/23,4510.04,5.12,13.61,30.04,69.09,99.77,76.86
14/07/23,4505.42,5.12,13.34,30,67.47,99.91,75.44
15/07/23,,5.12,,,,,
16/07/23,,5.12,,,,,
17/07/23,4522.79,5.12,13.48,31.34,66.58,99.84,74.17
18/07/23,4554.98,5.12,13.3,30.66,67.96,99.94,75.76
19/07/23,4565.72,5.12,13.76,31.06,67.69,100.28,75.4
20/07/23,4534.87,5.12,13.99,30.15,68.05,100.88,75.65
21/07/23,4536.34,5.12,13.6,29.65,68.99,101.07,77.06
22/07/23,,5.12,,,,,
23/07/23,,5.12,,,,,
24/07/23,4554.64,5.12,13.91,30.11,70.69,101.35,78.81
25/07/23,4567.46,5.12,13.86,30.63,71.16,101.35,79.76
26/07/23,4566.75,5.12,13.19,29.97,70.66,100.89,79.11
27/07/23,4537.41,5.12,14.41,29.12,71.43,101.77,80.17
28/07/23,4582.23,5.12,13.33,29.41,72.09,101.62,80.55
29/07/23,,5.12,,,,,
30/07/23,,5.12,,,,,
31/07/23,4588.96,5.12,13.63,28.48,73.17,101.86,81.8
01/08/23,4576.73,5.33,13.93,28.35,72.96,102.3,81.37
02/08/23,4513.39,5.33,16.09,28.74,71.48,102.59,79.5
03/08/23,4501.89,5.33,15.92,28.54,73.14,102.54,81.56
04/08/23,4478.03,5.33,17.1,28.06,73.79,102.02,82.76
05/08/23,,5.33,,,,,
06/08/23,,5.33,,,,,
07/08/23,4518.44,5.33,15.77,27.73,73.82,102.05,81.94
08/08/23,4499.38,5.33,15.99,27.14,74.06,102.53,82.94
09/08/23,4467.71,5.33,15.96,28.56,75.1,102.49,84.35
10/08/23,4468.83,5.33,15.85,27.27,74.2,102.52,82.81
11/08/23,4464.05,5.33,14.84,28.04,74.25,102.84,83.17
12/08/23,,5.33,,,,,
13/08/23,,5.33,,,,,
14/08/23,4489.72,5.33,14.82,27.55,73.81,103.19,82.5
15/08/23,4437.86,5.33,16.46,28.3,72.62,103.21,81.06
16/08/23,4404.33,5.33,16.78,28.54,71.37,103.43,79.4
17/08/23,4370.36,5.33,17.89,29.3,71.98,103.57,80.43
18/08/23,4369.71,5.33,17.3,28.43,72.79,103.38,81.25
19/08/23,,5.33,,,,,
20/08/23,,5.33,,,,,
21/08/23,4399.77,5.33,17.13,28.9,72.58,103.3,80.71
22/08/23,4387.55,5.33,16.97,28.56,72.28,103.56,80.25
23/08/23,4436.01,5.33,15.98,28.47,71.36,103.42,78.91
24/08/23,4376.31,5.33,17.2,28.88,71.41,103.98,79.52
25/08/23,4405.71,5.33,15.68,28.81,72.45,104.08,80.47
26/08/23,,5.33,,,,,
27/08/23,,5.33,,,,,
28/08/23,4433.31,5.33,15.08,28.66,72.41,104.06,80.65
29/08/23,4497.63,5.33,14.45,27.63,73.32,103.53,81.14
30/08/23,4514.87,5.33,13.88,26.63,73.66,103.16,81.64
31/08/23,4507.66,5.33,13.57,26.56,75.06,103.62,83.55
01/09/23,4515.77,5.33,13.09,27.48,76.92,104.24,85.52
02/09/23,,5.33,,,,,
03/09/23,,5.33,,,,,
04/09/23,,5.33,13.82,,,104.24,0
05/09/23,4496.83,5.33,14.01,28.65,77.76,104.81,86.74
06/09/23,4465.48,5.33,14.45,28.33,78.52,104.86,87.55
07/09/23,4451.14,5.33,14.4,27.59,77.95,105.06,86.87
08/09/23,4457.49,5.33,13.84,27.16,78.3,105.09,87.51
09/09/23,,5.33,,,,,
10/09/23,,5.33,,,,,
11/09/23,4487.46,5.33,13.8,24.37,78.37,104.57,87.3
12/09/23,4461.9,5.33,14.23,24.23,79.7,104.71,88.87
13/09/23,4467.44,5.33,13.48,25.06,79.68,104.77,88.59
14/09/23,4505.1,5.33,12.82,26.56,81.12,105.4,90.13
15/09/23,4450.32,5.33,13.79,27.16,81.29,105.32,90.83
16/09/23,,5.33,,,,,
17/09/23,,5.33,,,,,
18/09/23,4453.53,5.33,14,27.91,81.45,105.2,91.47
19/09/23,4443.95,5.33,14.11,30.32,81.5,105.16,91.16
20/09/23,4402.2,5.33,15.14,30.38,80.14,105.12,89.2
21/09/23,4330,5.33,17.54,31.35,80.41,105.36,89.56
22/09/23,4320.06,5.33,17.2,30.61,80.63,105.58,90
23/09/23,,5.33,,,,,
24/09/23,,5.33,,,,,
25/09/23,4337.44,5.33,16.9,30.96,80.39,106,89.68
26/09/23,4273.53,5.33,18.94,31.3,80.88,106.23,91.43
27/09/23,4274.51,5.33,18.22,32.48,82.9,106.67,93.67
28/09/23,4299.7,5.33,17.34,31.62,81.57,106.22,91.65
29/09/23,4288.05,5.33,17.52,32.24,80.86,106.22,90.77
30/09/23,,5.33,,,,,
01/10/23,,5.33,,,,,
02/10/23,4288.39,5.33,17.61,32,79.39,106.9,88.81
03/10/23,4229.45,5.33,19.78,33.25,79.93,107,89.26
04/10/23,4263.75,5.33,18.58,35.35,75.59,106.8,84.32
05/10/23,4258.19,5.33,18.49,36.59,73.99,106.33,82.3
06/10/23,4308.5,5.33,17.45,35.68,74.16,106.04,82.83
07/10/23,,5.33,,,,,
08/10/23,,5.33,,,,,
09/10/23,4335.66,5.33,17.7,39.85,77.13,106.08,0
10/10/23,4358.24,5.33,17.03,39.54,76.71,105.82,85.89
11/10/23,4376.95,5.33,16.09,38.94,75.67,105.82,83.7
12/10/23,4349.61,5.33,16.69,38.52,75.42,106.6,82.87
13/10/23,4327.78,5.33,19.32,44.24,78.99,106.65,87.67
14/10/23,,5.33,,,,,
15/10/23,,5.33,,,,,
16/10/23,4373.63,5.33,17.21,40.7,78.39,106.24,86.65
17/10/23,4373.2,5.33,17.88,41.37,78.8,106.25,86.66
18/10/23,4314.6,5.33,19.22,44.4,79.84,106.57,88.35
19/10/23,4278,5.33,21.4,45.7,81.68,106.25,89.35
20/10/23,4224.16,5.33,21.71,43.79,80.7,106.16,89.12
21/10/23,,5.33,,,,,
22/10/23,,5.33,,,,,
23/10/23,4217.04,5.33,20.37,41.74,78.89,105.54,85.49
24/10/23,4247.68,5.33,18.97,41.08,76.93,106.27,84.58
25/10/23,4186.77,5.33,20.19,44.91,78.46,106.53,86.07
26/10/23,4137.23,5.33,20.68,43.93,76.89,106.6,83.8
27/10/23,4117.37,5.33,21.27,46.64,78.36,106.56,86.04
28/10/23,,5.33,,,,,
29/10/23,,5.33,,,,,
30/10/23,4166.82,5.33,19.75,44.01,76.05,106.12,83.03
31/10/23,4193.8,5.33,18.14,41.99,75.02,106.66,81.64
01/11/23,4237.86,5.33,16.87,40.52,74.75,106.88,81.05
02/11/23,4317.78,5.33,15.66,39.79,76.18,106.12,83.04
03/11/23,4358.34,5.33,14.91,38.53,74.85,105.02,81.19
04/11/23,,5.33,,,,,
05/11/23,,5.33,,,,,
06/11/23,4365.98,5.33,14.89,36.31,74.91,105.21,81.54
07/11/23,4378.38,5.33,14.81,38.72,71.8,105.54,77.96
08/11/23,4382.78,5.33,14.45,40.44,70.19,105.59,75.85
09/11/23,4347.35,5.33,15.29,41.23,70.25,105.91,76.34
10/11/23,4415.24,5.33,14.17,39.29,71.79,105.86,0
11/11/23,,5.33,,,,,
12/11/23,,5.33,,,,,
13/11/23,4411.55,5.33,14.76,39.4,72.92,105.63,78.86
14/11/23,4495.7,5.33,14.16,38.29,72.69,104.05,78.9
15/11/23,4502.88,5.33,14.18,39.51,71.34,104.39,77.15
16/11/23,4508.24,5.33,14.32,42.53,68.05,104.35,73.5
17/11/23,4514.02,5.33,13.8,40.43,70.75,103.92,76.47
18/11/23,,5.33,,,,,
19/11/23,,5.33,,,,,
20/11/23,4547.38,5.33,13.41,39,72.3,103.44,78.1
21/11/23,4538.19,5.33,13.35,38.52,72.53,103.57,78.35
22/11/23,4556.62,5.33,12.85,42.76,71.61,103.92,76.8
23/11/23,,5.33,12.8,,,103.77,0
24/11/23,4559.34,5.33,12.46,43.38,70.82,103.4,74.83
25/11/23,,5.33,,,,,
26/11/23,,5.33,,,,,
27/11/23,4550.43,5.33,12.69,43.9,69.96,103.2,74.46
28/11/23,4554.89,5.33,12.69,43.14,71.26,102.75,76.09
29/11/23,4550.58,5.33,12.98,42.9,72.52,102.76,77.56
30/11/23,4567.8,5.33,12.92,39.4,70.14,103.5,75.66
01/12/23,4594.63,5.33,12.63,35.7,69.24,103.27,73.7
02/12/23,,5.33,,,,,
03/12/23,,5.33,,,,,
04/12/23,4569.78,5.33,13.08,38.08,68.47,103.71,72.73
05/12/23,4567.18,5.33,12.85,36.36,67.58,104.05,71.95
06/12/23,4549.34,5.33,12.97,39.72,64.76,104.15,68.98
07/12/23,4585.59,5.33,13.06,37.82,65.11,103.54,69
08/12/23,4604.37,5.33,12.35,36.24,66.53,104.01,70.87
09/12/23,,5.33,,,,,
10/12/23,,5.33,,,,,
11/12/23,4622.44,5.33,12.63,35.3,66.8,104.1,70.95
12/12/23,4643.7,5.33,12.07,36.38,64.25,103.86,68.27
13/12/23,4707.09,5.33,12.19,36.6,65.33,102.87,69.09
14/12/23,4719.55,5.33,12.48,33.98,67.16,101.96,71.21
15/12/23,4719.19,5.33,12.28,35.13,67.15,102.55,71.05
16/12/23,,5.33,,,,,
17/12/23,,5.33,,,,,
18/12/23,4740.56,5.33,12.56,37.09,68.09,102.56,72.16
19/12/23,4768.37,5.33,12.53,35.04,69.36,102.17,73.23
20/12/23,4698.35,5.33,13.67,34.98,68.79,102.41,73.87
21/12/23,4746.75,5.33,13.65,35.44,69.03,101.84,73.59
22/12/23,4754.63,5.33,13.03,33.32,68.69,101.7,73.29
23/12/23,,5.33,,,,,
24/12/23,,5.33,,,,101.71,
25/12/23,,5.33,.,,,,
26/12/23,4774.75,5.33,12.99,34.53,70.21,101.47,75.84
27/12/23,4781.58,5.33,12.43,35.41,68.92,100.99,74.31
28/12/23,4783.35,5.33,12.47,36.45,67.18,101.23,72.02
29/12/23,4769.83,5.33,12.45,36.22,66.65,101.33,71.89
30/12/23,,5.33,,,,,
31/12/23,,5.33,,,,101.38,
01/01/24,,5.33,.,,,,
02/01/24,4742.83,5.33,13.2,39.05,65.77,102.2,70.62
03/01/24,4704.81,5.33,14.04,38.22,68.19,102.49,72.97
04/01/24,4688.68,5.33,14.13,37.58,67.57,102.42,72.38
05/01/24,4697.24,5.33,13.35,36.07,69.03,102.41,74
06/01/24,,5.33,,,,,
07/01/24,,5.33,,,,,
08/01/24,4763.54,5.33,13.08,36.79,66.4,102.21,71.06
09/01/24,4756.5,5.33,12.76,36.09,67.39,102.57,72.43
10/01/24,4783.45,5.33,12.69,36.35,66.56,102.36,71.57
11/01/24,4780.24,5.33,12.44,36.78,67.65,102.29,72.15
12/01/24,4783.83,5.33,12.7,40.64,68.02,102.4,72.94
13/01/24,,5.33,,,,,
14/01/24,,5.33,,,,,
15/01/24,,5.33,13.25,,,102.4,0
16/01/24,4765.98,5.33,13.84,38.34,67.25,103.36,72.63
17/01/24,4739.21,5.33,14.79,37.06,67.94,103.45,72.79
18/01/24,4780.94,5.33,14.13,35.98,69.06,103.54,74.32
19/01/24,4839.81,5.33,13.3,35.79,68.82,103.29,73.69
20/01/24,,5.33,,,,,
21/01/24,,5.33,,,,,
22/01/24,4850.43,5.33,13.19,35.71,69.69,103.33,75.26
23/01/24,4864.6,5.33,12.55,34.99,69.66,103.62,74.72
24/01/24,4868.55,5.33,13.14,33.99,70.54,103.24,75.48
25/01/24,4894.16,5.33,13.45,35.1,72.23,103.57,77.91
26/01/24,4890.97,5.33,13.26,34.78,73.1,103.43,78.45
27/01/24,,5.33,,,,,
28/01/24,,5.33,,,,,
29/01/24,4927.93,5.33,13.6,36.32,72.05,103.61,77.25
30/01/24,4924.97,5.33,13.31,36.19,72.81,103.4,78.3
31/01/24,4845.65,5.33,14.35,37.25,70.92,103.27,76.28
01/02/24,4906.19,5.33,13.88,35.38,69.07,103.05,74.36
02/02/24,4958.61,5.33,13.85,34.85,67.51,103.92,72.72
03/02/24,,5.33,,,,,
04/02/24,,5.33,,,,,
05/02/24,4942.81,5.33,13.67,34.43,68.18,104.45,73.21
06/02/24,4954.23,5.33,13.06,33.01,68.81,104.21,73.83
07/02/24,4995.06,5.33,12.83,31.21,69.42,104.06,74.26
08/02/24,4997.91,5.33,12.79,31.64,71.52,104.17,76.67
09/02/24,5026.61,5.33,12.93,32.44,71.67,104.11,77.26
10/02/24,,5.33,,,,,
11/02/24,,5.33,,,,,
12/02/24,5021.84,5.33,13.93,32.69,72.11,104.17,77.34
13/02/24,4953.17,5.33,15.85,32.37,72.65,104.96,78.28
14/02/24,5000.62,5.33,14.38,32.76,71.55,104.72,77.09
15/02/24,5029.73,5.33,14.01,32.02,72.84,104.3,78.47
16/02/24,5005.57,5.33,14.24,30.84,73.41,104.3,79.65
17/02/24,,5.33,,,,,
18/02/24,,5.33,,,,,
19/02/24,,5.33,14.71,,,104.29,0
20/02/24,4975.51,5.33,15.42,31.81,72.42,104.08,78.72
21/02/24,4981.8,5.33,15.34,31.05,73.2,104.01,78.89
22/02/24,5087.03,5.33,14.54,30.55,73.6,103.96,79.64
23/02/24,5088.8,5.33,13.75,31.31,71.92,103.94,77.6
24/02/24,,5.33,,,,,
25/02/24,,5.33,,,,,
26/02/24,5069.53,5.33,13.74,31.71,72.79,103.83,78.53
27/02/24,5078.18,5.33,13.43,31.35,73.85,103.83,79.8
28/02/24,5069.76,5.33,13.84,31.21,73.62,103.97,79.44
29/02/24,5096.27,5.33,13.4,31.5,73.36,104.16,79.22
01/03/24,5137.08,5.33,13.11,31.08,74.96,103.86,80.9
02/03/24,,5.33,,,,,
03/03/24,,5.33,,,,,
04/03/24,5130.95,5.33,13.49,30.47,74.01,103.83,79.67
05/03/24,5078.65,5.33,14.46,30.19,73.45,103.8,79.11
06/03/24,5104.76,5.33,14.5,29.57,74.34,103.37,80.08
07/03/24,5157.36,5.33,14.44,29.57,74.23,102.82,79.81
08/03/24,5123.69,5.33,14.74,29.64,73.36,102.71,78.96
09/03/24,,5.33,,,,,
10/03/24,,5.33,,,,,
11/03/24,5117.94,5.33,15.22,29.11,73.62,102.87,78.87
12/03/24,5175.27,5.33,13.84,29.36,73.35,102.96,78.51
13/03/24,5165.31,5.33,13.75,29.52,75.09,102.79,80.67
14/03/24,5150.48,5.33,14.4,31.51,76.3,103.36,82.16
15/03/24,5117.09,5.33,14.41,29.77,76.33,103.43,81.94
16/03/24,,5.33,,,,,
17/03/24,,5.33,,,,,
18/03/24,5149.42,5.33,14.33,29.81,77.98,103.59,83.68
19/03/24,5178.51,5.33,13.82,29.22,78.43,103.84,84.39
20/03/24,5224.62,5.33,13.04,28.82,77.25,103.41,82.79
21/03/24,5241.53,5.33,12.92,27.53,76.82,104,81.99
22/03/24,5234.18,5.33,13.06,26.92,76.68,104.47,81.1
23/03/24,,5.33,,,,,
24/03/24,,5.33,,,,,
25/03/24,5218.19,5.33,13.19,27.49,77.76,104.24,82.41
26/03/24,5203.58,5.33,13.24,27.25,77.29,104.29,82.41
27/03/24,5248.49,5.33,12.78,26.6,77.51,104.35,82.15
28/03/24,5254.35,5.33,13.01,26.27,78.73,104.55,83.96
29/03/24,,5.33,.,,,104.55,
30/03/24,,5.33,,,,,
31/03/24,,5.33,,,,,
01/04/24,5243.77,5.33,13.65,27.65,79.67,105.02,84.54
02/04/24,5205.81,5.33,14.61,29.04,80.79,104.82,85.95
03/04/24,5211.49,5.33,14.33,29.08,81.25,104.25,86.22
04/04/24,5147.21,5.33,16.35,32.17,82.27,104.12,87.37
05/04/24,5204.34,5.33,16.03,32.36,82.4,104.3,87.69
06/04/24,,5.33,,,,,
07/04/24,,5.33,,,,,
08/04/24,5202.39,5.33,15.19,30.57,82.2,104.14,87.24
09/04/24,5209.91,5.33,14.98,28.96,81.15,104.15,86.04
10/04/24,5160.64,5.33,15.8,30.08,82.09,105.25,86.98
11/04/24,5199.06,5.33,14.91,31.27,81.55,105.28,85.79
12/04/24,5123.41,5.33,17.31,32.19,81.53,106.04,86.46
13/04/24,,5.33,,,,,
14/04/24,,5.33,,,,,
15/04/24,5061.82,5.33,19.23,35.59,81.65,106.21,86.21
16/04/24,5051.41,5.33,18.4,33.61,81.33,106.26,86.15
17/04/24,5022.21,5.33,18.21,33,78.91,105.95,83.58
18/04/24,5011.12,5.33,18,31.4,78.78,106.15,83.5
19/04/24,4967.23,5.33,18.71,31.86,78.85,106.15,83.79
20/04/24,,5.33,,,,,
21/04/24,,5.33,,,,,
22/04/24,5010.6,5.33,16.94,29.7,78.78,106.08,83.82
23/04/24,5070.55,5.33,15.69,28.86,79.98,105.68,84.17
24/04/24,5071.63,5.33,15.97,29.04,79.64,105.86,84.09
25/04/24,5048.42,5.33,15.37,28.34,80.44,105.6,84.92
26/04/24,5099.96,5.33,15.03,27.81,80.39,105.94,85.38
27/04/24,,5.33,,,,,
28/04/24,,5.33,,,,,
29/04/24,5116.17,5.33,14.67,27.84,79.5,105.58,84.26
30/04/24,5035.69,5.33,15.65,27.87,78.38,106.22,83.49
01/05/24,5018.39,5.33,15.39,28.7,75.93,105.75,80.7
02/05/24,5064.2,5.33,14.68,27.65,75.93,105.3,80.59
03/05/24,5127.79,5.33,13.49,28.09,75.13,105.03,79.65
04/05/24,,5.33,,,,,
05/05/24,,5.33,,,,,
06/05/24,5180.74,5.33,13.49,28.58,75.66,105.05,80.1
07/05/24,5187.7,5.33,13.23,27.83,75.5,105.41,79.97
08/05/24,5187.67,5.33,13,27.91,76.11,105.55,80.57
09/05/24,5214.08,5.33,12.69,27.95,76.52,105.23,80.86
10/05/24,5222.68,5.33,12.55,27.88,75.3,105.3,79.81
11/05/24,,5.33,,,,,
12/05/24,,5.33,,,,,
13/05/24,5221.42,5.33,13.6,28.04,76.13,105.22,80.71
14/05/24,5246.68,5.33,13.42,28.01,75.21,105.01,79.62
15/05/24,5308.15,5.33,12.45,28.07,75.88,104.35,80.23
16/05/24,5297.1,5.33,12.42,27.08,76.25,104.46,80.85
17/05/24,5303.27,5.33,11.99,28.06,76.97,104.44,81.66
18/05/24,,5.33,,,,,
19/05/24,,5.33,,,,,
20/05/24,5308.13,5.33,12.15,27.89,76.73,104.57,81.39
21/05/24,5321.41,5.33,11.86,27.38,76.16,104.66,80.66
22/05/24,5307.01,5.33,12.29,27.71,74.87,104.93,79.15
23/05/24,5267.84,5.33,12.77,28.66,74.45,105.11,77.47
24/05/24,5304.72,5.33,11.93,27.56,75.35,104.72,78.48
25/05/24,,5.33,,,,,
26/05/24,,5.33,,,,,
27/05/24,,5.33,12.36,,,104.6,
28/05/24,5306.04,5.33,12.92,27.53,77.66,104.61,80.9
29/05/24,5266.95,5.33,14.28,26.77,76.57,105.1,80.24
30/05/24,5235.48,5.33,14.47,29.24,75.53,104.72,78.96
31/05/24,5277.51,5.33,12.92,30.34,74.82,104.67,77.97
01/06/24,,5.33,,,,,
02/06/24,,5.33,,,,,
03/06/24,5283.4,5.33,13.11,30.84,71.83,104.14,75.26
04/06/24,5291.34,5.33,13.16,30.59,71.09,104.11,74.27
05/06/24,5354.03,5.33,12.63,29.18,71.89,104.27,75.08
06/06/24,5352.96,5.33,12.58,27.71,73.26,104.1,76.52
07/06/24,5346.99,5.33,12.22,26.42,73.02,104.89,76.53
08/06/24,,5.33,,,,,
09/06/24,,5.33,,,,,
10/06/24,5360.79,5.33,12.74,25.69,75.46,105.15,78.75
11/06/24,5375.32,5.33,12.85,25.54,75.51,105.23,78.88
12/06/24,5421.03,5.33,12.04,24.8,75.98,104.64,79.56
13/06/24,5433.74,5.33,11.94,24.45,75.74,105.2,79.61
14/06/24,5431.6,5.33,12.66,24.71,76.08,105.55,79.41
15/06/24,,5.33,,,,,
16/06/24,,5.33,,,,,
17/06/24,5473.23,5.33,12.75,24.17,77.79,105.32,81.33
18/06/24,5487.03,5.33,12.3,23.73,78.67,105.26,82.67
19/06/24,,5.33,12.48,,,105.25,0
20/06/24,5473.17,5.33,13.28,24.23,79.41,105.59,83.34
21/06/24,5464.62,5.33,13.2,24.74,78.65,105.8,81.71
22/06/24,,5.33,,,,,
23/06/24,,5.33,,,,,
24/06/24,5447.87,5.33,13.33,25.42,79.7,105.47,82.63
25/06/24,5469.3,5.33,12.84,25.75,78.9,105.61,81.97
26/06/24,5477.9,5.33,12.55,26.24,78.75,106.05,82.19
27/06/24,5482.87,5.33,12.24,26.28,79.92,105.91,83.04
28/06/24,5460.48,5.33,12.44,26.54,79.59,105.87,82.83
29/06/24,,5.33,,,,,
30/06/24,,5.33,,,,,
01/07/24,5475.09,5.33,12.22,27.29,81.54,105.9,84.7
02/07/24,5509.01,5.33,12.03,25.82,81.11,105.72,84.09
03/07/24,5537.02,5.33,12.09,24.62,81.27,105.4,85.19
04/07/24,,5.33,12.26,,,105.13,0
05/07/24,5567.19,5.33,12.48,23.78,81.31,104.88,84.44
06/07/24,,5.33,,,,,
07/07/24,,5.33,,,,,
08/07/24,5572.85,5.33,12.37,23.81,80.42,105,83.63
09/07/24,5576.98,5.33,12.51,24.19,79.77,105.13,82.78
10/07/24,5633.91,5.33,12.85,24.01,80.48,105.05,83.39
11/07/24,5584.54,5.33,12.92,24.01,80.94,104.44,83.92
12/07/24,5615.35,5.33,12.46,24.12,80.25,104.09,83.49
13/07/24,,5.33,,,,,
14/07/24,,5.33,,,,,
15/07/24,5631.22,5.33,13.12,23.83,80.12,104.19,83.22
16/07/24,5667.2,5.33,13.19,24.41,79.06,104.27,81.92
17/07/24,5588.27,5.33,14.48,25.28,80.62,103.75,84.16
18/07/24,5544.59,5.33,15.93,25.68,79.9,104.17,84.17
19/07/24,5505,5.33,16.52,26.83,78,104.4,81.43
20/07/24,,5.33,,,,,
21/07/24,,5.33,,,,,
22/07/24,5564.41,5.33,14.91,26.83,77.62,104.31,81.25
23/07/24,5555.74,5.33,14.72,26.74,76.62,104.45,78.24
24/07/24,5427.13,5.33,18.04,26.85,76.81,104.39,78.78
25/07/24,5399.22,5.33,18.46,26.49,77.46,104.36,79.43
26/07/24,5459.1,5.33,16.39,29.77,76.11,104.32,78.58
27/07/24,,5.33,,,,,
28/07/24,,5.33,,,,,
29/07/24,5463.54,5.33,16.6,30.82,75.19,104.56,77.27
30/07/24,5436.44,5.33,17.69,31.49,74.46,104.55,76.17
31/07/24,5522.3,5.33,16.36,33.69,77.74,104.1,79.36
01/08/24,5446.68,5.33,18.59,33.42,76.29,104.42,77.74
02/08/24,5346.56,5.33,23.39,38.83,73.39,103.21,74.99
03/08/24,,5.33,,,,,
04/08/24,,5.33,,,,,
05/08/24,5186.33,5.33,38.57,43.63,73.22,102.69,74.46
06/08/24,5240.03,5.33,27.71,40.42,72.45,102.97,74.6
07/08/24,5199.5,5.33,27.85,38.01,74.69,103.2,76.68
08/08/24,5319.31,5.33,23.79,34.77,75.36,103.21,77.64
09/08/24,5344.16,5.33,20.37,33.37,76.22,103.14,78.28
10/08/24,,5.33,,,,,
11/08/24,,5.33,,,,,
12/08/24,5344.39,5.33,20.71,35.17,78.63,103.14,81.45
13/08/24,5434.43,5.33,18.12,33.26,77.64,102.56,79.81
14/08/24,5455.21,5.33,16.19,31.51,76.59,102.57,78.47
15/08/24,5543.22,5.33,15.23,31.14,77.41,102.98,79.66
16/08/24,5554.25,5.33,14.8,31,76.32,102.46,78.05
17/08/24,,5.33,,,,,
18/08/24,,5.33,,,,,
19/08/24,5608.25,5.33,14.65,32.03,74.38,101.89,75.82
20/08/24,5597.12,5.33,15.88,32.05,73.83,101.44,75.27
21/08/24,5620.85,5.33,16.27,32.7,72.6,101.04,72.76
22/08/24,5570.64,5.33,17.55,31.73,73.58,101.51,73.72
23/08/24,5634.61,5.33,15.86,30.54,75.55,100.72,75.82
24/08/24,,5.33,,,,,
25/08/24,,5.33,,,,,
26/08/24,5616.84,5.33,16.15,30.99,77.83,100.85,78.4
27/08/24,5625.8,5.33,15.43,31.25,76.49,100.55,76.5
28/08/24,5592.18,5.33,17.11,32.12,75.48,101.09,75.49
29/08/24,5591.96,5.33,15.65,31.81,76.77,101.34,76.9
30/08/24,5648.4,5.33,15,33.36,74.34,101.7,74.52
31/08/24,,5.33,,,,,
01/09/24,,5.13,,,,,
02/09/24,,5.13,15.55,,,101.65,0
03/09/24,5528.93,5.13,20.72,35.36,71.09,101.82,71.28
04/09/24,5520.07,5.13,21.32,37.95,69.61,101.36,70.11
05/09/24,5503.41,5.13,19.9,36.61,69.89,101.11,70.09
06/09/24,5408.42,5.13,22.38,37.58,68.93,101.18,68.58
07/09/24,,5.13,,,,,
08/09/24,,5.13,,,,,
09/09/24,5471.05,5.13,19.45,37,69.27,101.55,69.65
10/09/24,5495.52,5.13,19.08,40.23,66.96,101.63,66.73
11/09/24,5554.13,5.13,17.69,37.76,67.85,101.68,68.25
12/09/24,5595.76,5.13,17.07,36.07,69.89,101.37,69.89
13/09/24,5626.02,5.13,16.56,35.22,69.84,101.11,69.59
14/09/24,,5.13,,,,,
15/09/24,,5.13,,,,,
16/09/24,5633.09,5.13,17.14,34.71,70.88,100.76,71.1
17/09/24,5634.58,5.13,17.61,35.29,71.72,100.89,72.16
18/09/24,5618.26,5.13,18.23,36.19,70.66,100.6,71.87
19/09/24,5713.64,5.13,16.33,33.72,72.75,100.61,72.86
20/09/24,5702.55,5.13,16.15,32.22,72.92,100.72,72.72
21/09/24,,5.13,,,,,
22/09/24,,5.13,,,,100.78,
23/09/24,5718.57,5.13,15.89,34.39,72.25,100.93,71.33
24/09/24,5732.93,5.13,15.39,33.76,73.29,100.24,72.34
25/09/24,5722.26,5.13,15.41,34.4,71.48,100.91,70.42
26/09/24,5745.37,5.13,15.37,39.76,69.01,100.52,68.28
27/09/24,5738.17,5.13,16.96,39.62,70.27,100.38,68.72
28/09/24,,5.13,,,,,
29/09/24,,5.13,,,,,
30/09/24,5762.48,5.13,16.73,39.86,69.92,100.78,68.75
01/10/24,5708.75,#N/A,19.26,42.87,72.11,101.19,70.41
02/10/24,5709.54,#N/A,18.9,46.52,72.76,101.68,70.74
03/10/24,5699.94,#N/A,20.49,54.5,75.73,101.99,74.33
04/10/24,5751.07,#N/A,19.21,46.37,76.35,102.52,74.93
05/10/24,,#N/A,,,,,
06/10/24,,#N/A,,,,,
07/10/24,5695.94,#N/A,22.64,48.32,79.2,102.54,77.76
08/10/24,5751.13,#N/A,21.42,52.35,75.79,102.55,74.26
09/10/24,5792.04,#N/A,20.86,48.8,75.25,102.93,73.85
10/10/24,5780.05,#N/A,20.93,52.36,77.77,102.99,76.46
11/10/24,5815.03,#N/A,,52.68,77.49,102.89,76.11
12/10/24,,#N/A,,,,,
13/10/24,,#N/A,,,,,
14/10/24,5859.85,#N/A,,51.62,75.93,103.3,0
15/10/24,5815.26,#N/A,,48.64,72.76,103.26,71.22
16/10/24,5842.47,#N/A,,47.84,72.4,103.59,70.97
17/10/24,5841.47,#N/A,,46.88,72.62,103.83,71.26
18/10/24,5864.67,#N/A,,47.22,71.38,103.49,69.78
19/10/24,,#N/A,,,,,
20/10/24,,#N/A,,,,,
21/10/24,5853.98,#N/A,,46.82,72.26,104.01,71.16
22/10/24,5851.2,#N/A,,47.69,73.98,104.08,72.84
23/10/24,5797.42,#N/A,,47.78,73.55,104.43,71.37
24/10/24,5809.86,#N/A,,46.66,73.06,104.06,70.58
25/10/24,5808.12,#N/A,,48.97,74.23,104.26,72.02
26/10/24,,#N/A,,,,,
27/10/24,,#N/A,,,,,
28/10/24,5823.52,#N/A,,42.96,70.43,104.32,67.65
29/10/24,5832.92,#N/A,,42.47,69.66,104.32,
30/10/24,5813.67,#N/A,,41.13,71.36,103.99,
31/10/24,5705.45,#N/A,,48.79,73.08,103.98,
01/11/24,5728.8,#N/A,,44.14,72.02,104.28,